year,BR_A,BR_B,BR_C,BR_D,BR_E,BR_F,BR_G,mean_age,nr_parties,nr_acad,nr_family,nr_jobs,share_female,share_FDP/PRD,share_CVP/PDC,share_LPS/PLS,share_SVP/UDC,share_SPS/PSS,share_BDP/PBD,age_population,Jahr,population_share_FDP/PRD,population_share_CVP/PDC,population_share_SPS/PSS,population_share_SVP/UDC,population_share_BDP/PBD,population_share_LPS/PLS,diff_FDP/PRD,diff_CVP/PDC,diff_BDP/PBD,diff_SVP/UDC,diff_SPS/PSS,diff_LPS/PLS,BR_closeness,BR_closeness_new
1848.0,Jonas Furrer,Ulrich Ochsenbein,Henri Druey,Josef Munzinger,Stefano Franscini,Friedrich Frey-Herosé,Wilhelm Matthias Naeff,47.285714285714285,1.0,6.0,3.0,4.0,0.0,100.0,0.0,0.0,0.0,0.0,0.0,0.0,1848,71.17117117117117,9.00900900900901,0.0,0.0,0.0,9.90990990990991,0.28828828828828834,0.0,0.0,0.0,0.0,0.0,0.7117117117117117,0.7117117117117117
1849.0,Jonas Furrer,Ulrich Ochsenbein,Henri Druey,Josef Munzinger,Stefano Franscini,Friedrich Frey-Herosé,Wilhelm Matthias Naeff,48.285714285714285,1.0,6.0,3.0,4.0,0.0,100.0,0.0,0.0,0.0,0.0,0.0,0.0,1848,71.17117117117117,9.00900900900901,0.0,0.0,0.0,9.90990990990991,0.28828828828828834,0.0,0.0,0.0,0.0,0.0,0.7117117117117117,0.7117117117117117
1850.0,Jonas Furrer,Ulrich Ochsenbein,Henri Druey,Josef Munzinger,Stefano Franscini,Friedrich Frey-Herosé,Wilhelm Matthias Naeff,49.285714285714285,1.0,6.0,3.0,4.0,0.0,100.0,0.0,0.0,0.0,0.0,0.0,0.0,1848,71.17117117117117,9.00900900900901,0.0,0.0,0.0,9.90990990990991,0.28828828828828834,0.0,0.0,0.0,0.0,0.0,0.7117117117117117,0.7117117117117117
1851.0,Jonas Furrer,Ulrich Ochsenbein,Henri Druey,Josef Munzinger,Stefano Franscini,Friedrich Frey-Herosé,Wilhelm Matthias Naeff,50.285714285714285,1.0,6.0,3.0,4.0,0.0,100.0,0.0,0.0,0.0,0.0,0.0,0.0,1851,65.0,13.333333333333334,0.0,0.0,0.0,13.333333333333334,0.35,0.0,0.0,0.0,0.0,0.0,0.65,0.65
1852.0,Jonas Furrer,Ulrich Ochsenbein,Henri Druey,Josef Munzinger,Stefano Franscini,Friedrich Frey-Herosé,Wilhelm Matthias Naeff,51.285714285714285,1.0,6.0,3.0,4.0,0.0,100.0,0.0,0.0,0.0,0.0,0.0,0.0,1851,65.0,13.333333333333334,0.0,0.0,0.0,13.333333333333334,0.35,0.0,0.0,0.0,0.0,0.0,0.65,0.65
1853.0,Jonas Furrer,Ulrich Ochsenbein,Henri Druey,Josef Munzinger,Stefano Franscini,Friedrich Frey-Herosé,Wilhelm Matthias Naeff,52.285714285714285,1.0,6.0,3.0,4.0,0.0,100.0,0.0,0.0,0.0,0.0,0.0,0.0,1851,65.0,13.333333333333334,0.0,0.0,0.0,13.333333333333334,0.35,0.0,0.0,0.0,0.0,0.0,0.65,0.65
1854.0,Jonas Furrer,Ulrich Ochsenbein,Henri Druey,Josef Munzinger,Stefano Franscini,Friedrich Frey-Herosé,Wilhelm Matthias Naeff,53.285714285714285,1.0,6.0,3.0,4.0,0.0,100.0,0.0,0.0,0.0,0.0,0.0,0.0,1854,66.66666666666667,11.666666666666668,0.0,0.0,0.0,13.333333333333334,0.33333333333333326,0.0,0.0,0.0,0.0,0.0,0.6666666666666667,0.6666666666666667
1855.0,Jonas Furrer,Jakob Stämpfli,Constant Fornerod,Josef Martin Knüsel,Stefano Franscini,Friedrich Frey-Herosé,Wilhelm Matthias Naeff,47.0,1.0,7.0,4.0,3.0,0.0,100.0,0.0,0.0,0.0,0.0,0.0,0.0,1854,66.66666666666667,11.666666666666668,0.0,0.0,0.0,13.333333333333334,0.33333333333333326,0.0,0.0,0.0,0.0,0.0,0.6666666666666667,0.6666666666666667
1856.0,Jonas Furrer,Jakob Stämpfli,Constant Fornerod,Josef Martin Knüsel,Stefano Franscini,Friedrich Frey-Herosé,Wilhelm Matthias Naeff,48.0,1.0,7.0,4.0,3.0,0.0,100.0,0.0,0.0,0.0,0.0,0.0,0.0,1854,66.66666666666667,11.666666666666668,0.0,0.0,0.0,13.333333333333334,0.33333333333333326,0.0,0.0,0.0,0.0,0.0,0.6666666666666667,0.6666666666666667
1857.0,Jonas Furrer,Jakob Stämpfli,Constant Fornerod,Josef Martin Knüsel,Giovanni Battista Pioda,Friedrich Frey-Herosé,Wilhelm Matthias Naeff,47.285714285714285,1.0,7.0,5.0,2.0,0.0,100.0,0.0,0.0,0.0,0.0,0.0,0.0,1857,66.66666666666667,16.666666666666668,0.0,0.0,0.0,12.5,0.33333333333333326,0.0,0.0,0.0,0.0,0.0,0.6666666666666667,0.6666666666666667
1858.0,Jonas Furrer,Jakob Stämpfli,Constant Fornerod,Josef Martin Knüsel,Giovanni Battista Pioda,Friedrich Frey-Herosé,Wilhelm Matthias Naeff,48.285714285714285,1.0,7.0,5.0,2.0,0.0,100.0,0.0,0.0,0.0,0.0,0.0,0.0,1857,66.66666666666667,16.666666666666668,0.0,0.0,0.0,12.5,0.33333333333333326,0.0,0.0,0.0,0.0,0.0,0.6666666666666667,0.6666666666666667
1859.0,Jonas Furrer,Jakob Stämpfli,Constant Fornerod,Josef Martin Knüsel,Giovanni Battista Pioda,Friedrich Frey-Herosé,Wilhelm Matthias Naeff,49.285714285714285,1.0,7.0,5.0,2.0,0.0,100.0,0.0,0.0,0.0,0.0,0.0,0.0,1857,66.66666666666667,16.666666666666668,0.0,0.0,0.0,12.5,0.33333333333333326,0.0,0.0,0.0,0.0,0.0,0.6666666666666667,0.6666666666666667
1860.0,Jonas Furrer,Jakob Stämpfli,Constant Fornerod,Josef Martin Knüsel,Giovanni Battista Pioda,Friedrich Frey-Herosé,Wilhelm Matthias Naeff,50.285714285714285,1.0,7.0,5.0,2.0,0.0,100.0,0.0,0.0,0.0,0.0,0.0,29.104056590413617,1860,53.333333333333336,12.5,0.0,0.0,0.0,30.833333333333336,0.4666666666666666,0.0,0.0,0.0,0.0,0.0,0.5333333333333334,0.5333333333333334
1861.0,Jakob Dubs,Jakob Stämpfli,Constant Fornerod,Josef Martin Knüsel,Giovanni Battista Pioda,Friedrich Frey-Herosé,Wilhelm Matthias Naeff,48.857142857142854,1.0,7.0,5.0,2.0,0.0,100.0,0.0,0.0,0.0,0.0,0.0,29.10475361620352,1860,53.333333333333336,12.5,0.0,0.0,0.0,30.833333333333336,0.4666666666666666,0.0,0.0,0.0,0.0,0.0,0.5333333333333334,0.5333333333333334
1862.0,Jakob Dubs,Jakob Stämpfli,Constant Fornerod,Josef Martin Knüsel,Giovanni Battista Pioda,Friedrich Frey-Herosé,Wilhelm Matthias Naeff,49.857142857142854,1.0,7.0,5.0,2.0,0.0,100.0,0.0,0.0,0.0,0.0,0.0,29.10545064199342,1860,53.333333333333336,12.5,0.0,0.0,0.0,30.833333333333336,0.4666666666666666,0.0,0.0,0.0,0.0,0.0,0.5333333333333334,0.5333333333333334
1863.0,Jakob Dubs,Jakob Stämpfli,Constant Fornerod,Josef Martin Knüsel,Giovanni Battista Pioda,Friedrich Frey-Herosé,Wilhelm Matthias Naeff,50.857142857142854,1.0,7.0,5.0,2.0,0.0,100.0,0.0,0.0,0.0,0.0,0.0,29.106147667783326,1863,46.09375,16.40625,0.0,0.0,0.0,28.90625,0.5390625,0.0,0.0,0.0,0.0,0.0,0.4609375,0.4609375
1864.0,Jakob Dubs,Karl Schenk,Constant Fornerod,Josef Martin Knüsel,Jean-Jacques Challet-Venel,Friedrich Frey-Herosé,Wilhelm Matthias Naeff,51.0,1.0,7.0,4.0,4.0,0.0,100.0,0.0,0.0,0.0,0.0,0.0,29.10684469357323,1863,46.09375,16.40625,0.0,0.0,0.0,28.90625,0.5390625,0.0,0.0,0.0,0.0,0.0,0.4609375,0.4609375
1865.0,Jakob Dubs,Karl Schenk,Constant Fornerod,Josef Martin Knüsel,Jean-Jacques Challet-Venel,Friedrich Frey-Herosé,Wilhelm Matthias Naeff,52.0,1.0,7.0,4.0,4.0,0.0,100.0,0.0,0.0,0.0,0.0,0.0,29.107541719363134,1863,46.09375,16.40625,0.0,0.0,0.0,28.90625,0.5390625,0.0,0.0,0.0,0.0,0.0,0.4609375,0.4609375
1866.0,Jakob Dubs,Karl Schenk,Constant Fornerod,Josef Martin Knüsel,Jean-Jacques Challet-Venel,Friedrich Frey-Herosé,Wilhelm Matthias Naeff,53.0,1.0,7.0,4.0,4.0,0.0,100.0,0.0,0.0,0.0,0.0,0.0,29.108238745153034,1866,41.40625,16.40625,0.0,0.0,0.0,30.46875,0.5859375,0.0,0.0,0.0,0.0,0.0,0.4140625,0.4140625
1867.0,Jakob Dubs,Karl Schenk,Constant Fornerod,Josef Martin Knüsel,Jean-Jacques Challet-Venel,Emil Welti,Wilhelm Matthias Naeff,50.57142857142857,1.0,7.0,4.0,3.0,0.0,100.0,0.0,0.0,0.0,0.0,0.0,29.10893577094294,1866,41.40625,16.40625,0.0,0.0,0.0,30.46875,0.5859375,0.0,0.0,0.0,0.0,0.0,0.4140625,0.4140625
1868.0,Jakob Dubs,Karl Schenk,Victor Ruffy,Josef Martin Knüsel,Jean-Jacques Challet-Venel,Emil Welti,Wilhelm Matthias Naeff,51.0,1.0,7.0,4.0,3.0,0.0,100.0,0.0,0.0,0.0,0.0,0.0,29.109632796732843,1866,41.40625,16.40625,0.0,0.0,0.0,30.46875,0.5859375,0.0,0.0,0.0,0.0,0.0,0.4140625,0.4140625
1869.0,Jakob Dubs,Karl Schenk,Victor Ruffy,Josef Martin Knüsel,Jean-Jacques Challet-Venel,Emil Welti,Wilhelm Matthias Naeff,52.0,1.0,7.0,4.0,3.0,0.0,100.0,0.0,0.0,0.0,0.0,0.0,29.110329822522743,1869,43.75,17.96875,0.0,0.0,0.0,24.21875,0.5625,0.0,0.0,0.0,0.0,0.0,0.4375,0.4375
1870.0,Jakob Dubs,Karl Schenk,Paul Cérésole,Josef Martin Knüsel,Jean-Jacques Challet-Venel,Emil Welti,Wilhelm Matthias Naeff,51.714285714285715,1.0,7.0,4.0,3.0,0.0,100.0,0.0,0.0,0.0,0.0,0.0,29.111026848312648,1869,43.75,17.96875,0.0,0.0,0.0,24.21875,0.5625,0.0,0.0,0.0,0.0,0.0,0.4375,0.4375
1871.0,Jakob Dubs,Karl Schenk,Paul Cérésole,Josef Martin Knüsel,Jean-Jacques Challet-Venel,Emil Welti,Wilhelm Matthias Naeff,52.714285714285715,1.0,7.0,4.0,3.0,0.0,100.0,0.0,0.0,0.0,0.0,0.0,29.082114400979556,1869,43.75,17.96875,0.0,0.0,0.0,24.21875,0.5625,0.0,0.0,0.0,0.0,0.0,0.4375,0.4375
1872.0,Johann Jakob Scherer,Karl Schenk,Paul Cérésole,Josef Martin Knüsel,Jean-Jacques Challet-Venel,Emil Welti,Wilhelm Matthias Naeff,53.285714285714285,1.0,6.0,5.0,4.0,0.0,100.0,0.0,0.0,0.0,0.0,0.0,29.053201953646465,1872,44.44444444444444,22.22222222222222,0.0,0.0,0.0,20.0,0.5555555555555556,0.0,0.0,0.0,0.0,0.0,0.4444444444444444,0.4444444444444444
1873.0,Johann Jakob Scherer,Karl Schenk,Paul Cérésole,Josef Martin Knüsel,Eugène Borel,Emil Welti,Wilhelm Matthias Naeff,50.857142857142854,1.0,6.0,6.0,3.0,0.0,100.0,0.0,0.0,0.0,0.0,0.0,29.02428950631337,1872,44.44444444444444,22.22222222222222,0.0,0.0,0.0,20.0,0.5555555555555556,0.0,0.0,0.0,0.0,0.0,0.4444444444444444,0.4444444444444444
1874.0,Johann Jakob Scherer,Karl Schenk,Paul Cérésole,Josef Martin Knüsel,Eugène Borel,Emil Welti,Wilhelm Matthias Naeff,51.857142857142854,1.0,6.0,6.0,3.0,0.0,100.0,0.0,0.0,0.0,0.0,0.0,28.995377058980278,1872,44.44444444444444,22.22222222222222,0.0,0.0,0.0,20.0,0.5555555555555556,0.0,0.0,0.0,0.0,0.0,0.4444444444444444,0.4444444444444444
1875.0,Johann Jakob Scherer,Karl Schenk,Paul Cérésole,Josef Martin Knüsel,Eugène Borel,Emil Welti,Wilhelm Matthias Naeff,52.857142857142854,1.0,6.0,6.0,3.0,0.0,100.0,0.0,0.0,0.0,0.0,0.0,28.966464611647186,1875,46.666666666666664,24.444444444444443,0.0,0.0,0.0,16.296296296296294,0.5333333333333333,0.0,0.0,0.0,0.0,0.0,0.4666666666666667,0.4666666666666667
1876.0,Johann Jakob Scherer,Karl Schenk,Numa Droz,Joachim Heer,Bernhard Hammer,Emil Welti,Fridolin Anderwert,48.57142857142857,1.0,5.0,4.0,4.0,0.0,100.0,0.0,0.0,0.0,0.0,0.0,28.937552164314095,1875,46.666666666666664,24.444444444444443,0.0,0.0,0.0,16.296296296296294,0.5333333333333333,0.0,0.0,0.0,0.0,0.0,0.4666666666666667,0.4666666666666667
1877.0,Johann Jakob Scherer,Karl Schenk,Numa Droz,Joachim Heer,Bernhard Hammer,Emil Welti,Fridolin Anderwert,49.57142857142857,1.0,5.0,4.0,4.0,0.0,100.0,0.0,0.0,0.0,0.0,0.0,28.908639716981003,1875,46.666666666666664,24.444444444444443,0.0,0.0,0.0,16.296296296296294,0.5333333333333333,0.0,0.0,0.0,0.0,0.0,0.4666666666666667,0.4666666666666667
1878.0,Johann Jakob Scherer,Karl Schenk,Numa Droz,Joachim Heer,Bernhard Hammer,Emil Welti,Fridolin Anderwert,50.57142857142857,1.0,5.0,4.0,4.0,0.0,100.0,0.0,0.0,0.0,0.0,0.0,28.87972726964791,1878,42.22222222222222,27.407407407407405,0.0,0.0,0.0,19.25925925925926,0.5777777777777778,0.0,0.0,0.0,0.0,0.0,0.42222222222222217,0.42222222222222217
1879.0,Wilhelm Hertenstein,Karl Schenk,Numa Droz,Simeon Bavier,Bernhard Hammer,Emil Welti,Fridolin Anderwert,51.57142857142857,1.0,5.0,3.0,5.0,0.0,100.0,0.0,0.0,0.0,0.0,0.0,28.850814822314817,1878,42.22222222222222,27.407407407407405,0.0,0.0,0.0,19.25925925925926,0.5777777777777778,0.0,0.0,0.0,0.0,0.0,0.42222222222222217,0.42222222222222217
1880.0,Wilhelm Hertenstein,Karl Schenk,Numa Droz,Simeon Bavier,Bernhard Hammer,Emil Welti,Fridolin Anderwert,52.57142857142857,1.0,5.0,3.0,5.0,0.0,100.0,0.0,0.0,0.0,0.0,0.0,28.821902374981725,1878,42.22222222222222,27.407407407407405,0.0,0.0,0.0,19.25925925925926,0.5777777777777778,0.0,0.0,0.0,0.0,0.0,0.42222222222222217,0.42222222222222217
1881.0,Wilhelm Hertenstein,Karl Schenk,Numa Droz,Simeon Bavier,Bernhard Hammer,Emil Welti,Louis Ruchonnet,52.714285714285715,1.0,5.0,3.0,5.0,0.0,100.0,0.0,0.0,0.0,0.0,0.0,28.833603528862035,1881,51.724137931034484,24.13793103448276,0.0,0.0,0.0,15.172413793103448,0.48275862068965514,0.0,0.0,0.0,0.0,0.0,0.5172413793103449,0.5172413793103449
1882.0,Wilhelm Hertenstein,Karl Schenk,Numa Droz,Simeon Bavier,Bernhard Hammer,Emil Welti,Louis Ruchonnet,53.714285714285715,1.0,5.0,3.0,5.0,0.0,100.0,0.0,0.0,0.0,0.0,0.0,28.845304682742345,1881,51.724137931034484,24.13793103448276,0.0,0.0,0.0,15.172413793103448,0.48275862068965514,0.0,0.0,0.0,0.0,0.0,0.5172413793103449,0.5172413793103449
1883.0,Wilhelm Hertenstein,Karl Schenk,Numa Droz,Adolf Deucher,Bernhard Hammer,Emil Welti,Louis Ruchonnet,53.857142857142854,1.0,5.0,3.0,5.0,0.0,100.0,0.0,0.0,0.0,0.0,0.0,28.85700583662265,1881,51.724137931034484,24.13793103448276,0.0,0.0,0.0,15.172413793103448,0.48275862068965514,0.0,0.0,0.0,0.0,0.0,0.5172413793103449,0.5172413793103449
1884.0,Wilhelm Hertenstein,Karl Schenk,Numa Droz,Adolf Deucher,Bernhard Hammer,Emil Welti,Louis Ruchonnet,54.857142857142854,1.0,5.0,3.0,5.0,0.0,100.0,0.0,0.0,0.0,0.0,0.0,28.86870699050296,1884,51.03448275862069,25.517241379310345,0.0,0.0,0.0,12.413793103448278,0.4896551724137931,0.0,0.0,0.0,0.0,0.0,0.5103448275862069,0.5103448275862069
1885.0,Wilhelm Hertenstein,Karl Schenk,Numa Droz,Adolf Deucher,Bernhard Hammer,Emil Welti,Louis Ruchonnet,55.857142857142854,1.0,5.0,3.0,5.0,0.0,100.0,0.0,0.0,0.0,0.0,0.0,28.88040814438327,1884,51.03448275862069,25.517241379310345,0.0,0.0,0.0,12.413793103448278,0.4896551724137931,0.0,0.0,0.0,0.0,0.0,0.5103448275862069,0.5103448275862069
1886.0,Wilhelm Hertenstein,Karl Schenk,Numa Droz,Adolf Deucher,Bernhard Hammer,Emil Welti,Louis Ruchonnet,56.857142857142854,1.0,5.0,3.0,5.0,0.0,100.0,0.0,0.0,0.0,0.0,0.0,28.892109298263577,1884,51.03448275862069,25.517241379310345,0.0,0.0,0.0,12.413793103448278,0.4896551724137931,0.0,0.0,0.0,0.0,0.0,0.5103448275862069,0.5103448275862069
1887.0,Wilhelm Hertenstein,Karl Schenk,Numa Droz,Adolf Deucher,Bernhard Hammer,Emil Welti,Louis Ruchonnet,57.857142857142854,1.0,5.0,3.0,5.0,0.0,100.0,0.0,0.0,0.0,0.0,0.0,28.903810452143887,1887,50.3448275862069,24.13793103448276,0.0,0.0,0.0,13.10344827586207,0.496551724137931,0.0,0.0,0.0,0.0,0.0,0.503448275862069,0.503448275862069
1888.0,Wilhelm Hertenstein,Karl Schenk,Numa Droz,Adolf Deucher,Bernhard Hammer,Emil Welti,Louis Ruchonnet,58.857142857142854,1.0,5.0,3.0,5.0,0.0,100.0,0.0,0.0,0.0,0.0,0.0,28.915511606024197,1887,50.3448275862069,24.13793103448276,0.0,0.0,0.0,13.10344827586207,0.496551724137931,0.0,0.0,0.0,0.0,0.0,0.503448275862069,0.503448275862069
1889.0,Walter Hauser,Karl Schenk,Numa Droz,Adolf Deucher,Bernhard Hammer,Emil Welti,Louis Ruchonnet,58.142857142857146,1.0,5.0,4.0,5.0,0.0,100.0,0.0,0.0,0.0,0.0,0.0,28.904104068253353,1887,50.3448275862069,24.13793103448276,0.0,0.0,0.0,13.10344827586207,0.496551724137931,0.0,0.0,0.0,0.0,0.0,0.503448275862069,0.503448275862069
1890.0,Walter Hauser,Karl Schenk,Numa Droz,Adolf Deucher,Bernhard Hammer,Emil Welti,Louis Ruchonnet,59.142857142857146,1.0,5.0,4.0,5.0,0.0,100.0,0.0,0.0,0.0,0.0,0.0,28.892696530482507,1890,50.34013605442177,23.80952380952381,0.6802721088435374,0.0,0.0,13.605442176870747,0.4965986394557823,0.0,0.0,0.0,0.0,0.0,0.5034013605442177,0.5034013605442177
1891.0,Walter Hauser,Karl Schenk,Numa Droz,Adolf Deucher,Emil Frey,Emil Welti,Louis Ruchonnet,57.857142857142854,1.0,4.0,5.0,6.0,0.0,100.0,0.0,0.0,0.0,0.0,0.0,28.88128899271166,1890,50.34013605442177,23.80952380952381,0.6802721088435374,0.0,0.0,13.605442176870747,0.4965986394557823,0.0,0.0,0.0,0.0,0.0,0.5034013605442177,0.5034013605442177
1892.0,Walter Hauser,Karl Schenk,Numa Droz,Adolf Deucher,Emil Frey,Josef Zemp,Louis Ruchonnet,57.57142857142857,2.0,4.0,5.0,6.0,0.0,85.71428571428571,14.285714285714285,0.0,0.0,0.0,0.0,28.869881454940817,1890,50.34013605442177,23.80952380952381,0.6802721088435374,0.0,0.0,13.605442176870747,0.3537414965986394,0.09523809523809526,0.0,0.0,0.0,0.0,0.6462585034013606,0.5510204081632654
1893.0,Walter Hauser,Karl Schenk,Adrien Lachenal,Adolf Deucher,Emil Frey,Josef Zemp,Louis Ruchonnet,57.857142857142854,2.0,5.0,5.0,5.0,0.0,85.71428571428571,14.285714285714285,0.0,0.0,0.0,0.0,28.858473917169974,1893,50.34013605442177,19.727891156462583,0.6802721088435374,0.0,0.0,18.36734693877551,0.3537414965986394,0.054421768707482984,0.0,0.0,0.0,0.0,0.6462585034013606,0.5918367346938775
1894.0,Walter Hauser,Karl Schenk,Adrien Lachenal,Adolf Deucher,Emil Frey,Josef Zemp,Eugène Ruffy,56.0,2.0,5.0,5.0,5.0,0.0,85.71428571428571,14.285714285714285,0.0,0.0,0.0,0.0,28.847066379399127,1893,50.34013605442177,19.727891156462583,0.6802721088435374,0.0,0.0,18.36734693877551,0.3537414965986394,0.054421768707482984,0.0,0.0,0.0,0.0,0.6462585034013606,0.5918367346938775
1895.0,Walter Hauser,Eduard Müller,Adrien Lachenal,Adolf Deucher,Emil Frey,Josef Zemp,Eugène Ruffy,53.42857142857143,2.0,5.0,6.0,4.0,0.0,85.71428571428571,14.285714285714285,0.0,0.0,0.0,0.0,28.83565884162828,1893,50.34013605442177,19.727891156462583,0.6802721088435374,0.0,0.0,18.36734693877551,0.3537414965986394,0.054421768707482984,0.0,0.0,0.0,0.0,0.6462585034013606,0.5918367346938775
1896.0,Walter Hauser,Eduard Müller,Adrien Lachenal,Adolf Deucher,Emil Frey,Josef Zemp,Eugène Ruffy,54.42857142857143,2.0,5.0,6.0,4.0,0.0,85.71428571428571,14.285714285714285,0.0,0.0,0.0,0.0,28.824251303857437,1896,58.50340136054422,20.408163265306122,1.3605442176870748,0.0,0.0,14.285714285714285,0.27210884353741494,0.06122448979591837,0.0,0.0,0.0,0.0,0.7278911564625851,0.6666666666666667
1897.0,Walter Hauser,Eduard Müller,Adrien Lachenal,Adolf Deucher,Ernst Brenner,Josef Zemp,Eugène Ruffy,52.857142857142854,2.0,6.0,6.0,3.0,0.0,85.71428571428571,14.285714285714285,0.0,0.0,0.0,0.0,28.812843766086594,1896,58.50340136054422,20.408163265306122,1.3605442176870748,0.0,0.0,14.285714285714285,0.27210884353741494,0.06122448979591837,0.0,0.0,0.0,0.0,0.7278911564625851,0.6666666666666667
1898.0,Walter Hauser,Eduard Müller,Adrien Lachenal,Adolf Deucher,Ernst Brenner,Josef Zemp,Eugène Ruffy,53.857142857142854,2.0,6.0,6.0,3.0,0.0,85.71428571428571,14.285714285714285,0.0,0.0,0.0,0.0,28.801436228315747,1896,58.50340136054422,20.408163265306122,1.3605442176870748,0.0,0.0,14.285714285714285,0.27210884353741494,0.06122448979591837,0.0,0.0,0.0,0.0,0.7278911564625851,0.6666666666666667
1899.0,Walter Hauser,Eduard Müller,Adrien Lachenal,Adolf Deucher,Ernst Brenner,Josef Zemp,Eugène Ruffy,54.857142857142854,2.0,6.0,6.0,3.0,0.0,85.71428571428571,14.285714285714285,0.0,0.0,0.0,0.0,28.7900286905449,1899,57.14285714285714,21.768707482993197,2.7210884353741496,0.0,0.0,13.605442176870747,0.2857142857142857,0.07482993197278912,0.0,0.0,0.0,0.0,0.7142857142857143,0.6394557823129252
1900.0,Walter Hauser,Eduard Müller,Robert Comtesse,Adolf Deucher,Ernst Brenner,Josef Zemp,Marc Ruchet,56.285714285714285,2.0,6.0,6.0,3.0,0.0,85.71428571428571,14.285714285714285,0.0,0.0,0.0,0.0,28.778621152774058,1899,57.14285714285714,21.768707482993197,2.7210884353741496,0.0,0.0,13.605442176870747,0.2857142857142857,0.07482993197278912,0.0,0.0,0.0,0.0,0.7142857142857143,0.6394557823129252
1901.0,Walter Hauser,Eduard Müller,Robert Comtesse,Adolf Deucher,Ernst Brenner,Josef Zemp,Marc Ruchet,57.285714285714285,2.0,6.0,6.0,3.0,0.0,85.71428571428571,14.285714285714285,0.0,0.0,0.0,0.0,28.771644089987298,1899,57.14285714285714,21.768707482993197,2.7210884353741496,0.0,0.0,13.605442176870747,0.2857142857142857,0.07482993197278912,0.0,0.0,0.0,0.0,0.7142857142857143,0.6394557823129252
1902.0,Walter Hauser,Eduard Müller,Robert Comtesse,Adolf Deucher,Ernst Brenner,Josef Zemp,Marc Ruchet,58.285714285714285,2.0,6.0,6.0,3.0,0.0,85.71428571428571,14.285714285714285,0.0,0.0,0.0,0.0,28.76466702720054,1902,59.88023952095808,20.958083832335326,4.191616766467066,0.0,0.0,11.976047904191615,0.2583404619332763,0.06672369546621042,0.0,0.0,0.0,0.0,0.7416595380667237,0.6749358426005132
1903.0,Ludwig Forrer,Eduard Müller,Robert Comtesse,Adolf Deucher,Ernst Brenner,Josef Zemp,Marc Ruchet,58.142857142857146,2.0,7.0,5.0,2.0,0.0,85.71428571428571,14.285714285714285,0.0,0.0,0.0,0.0,28.757689964413782,1902,59.88023952095808,20.958083832335326,4.191616766467066,0.0,0.0,11.976047904191615,0.2583404619332763,0.06672369546621042,0.0,0.0,0.0,0.0,0.7416595380667237,0.6749358426005132
1904.0,Ludwig Forrer,Eduard Müller,Robert Comtesse,Adolf Deucher,Ernst Brenner,Josef Zemp,Marc Ruchet,59.142857142857146,2.0,7.0,5.0,2.0,0.0,85.71428571428571,14.285714285714285,0.0,0.0,0.0,0.0,28.750712901627026,1902,59.88023952095808,20.958083832335326,4.191616766467066,0.0,0.0,11.976047904191615,0.2583404619332763,0.06672369546621042,0.0,0.0,0.0,0.0,0.7416595380667237,0.6749358426005132
1905.0,Ludwig Forrer,Eduard Müller,Robert Comtesse,Adolf Deucher,Ernst Brenner,Josef Zemp,Marc Ruchet,60.142857142857146,2.0,7.0,5.0,2.0,0.0,85.71428571428571,14.285714285714285,0.0,0.0,0.0,0.0,28.743735838840266,1905,62.275449101796404,20.958083832335326,1.1976047904191616,0.0,0.0,11.377245508982035,0.23438836612489303,0.06672369546621042,0.0,0.0,0.0,0.0,0.765611633875107,0.6988879384088966
1906.0,Ludwig Forrer,Eduard Müller,Robert Comtesse,Adolf Deucher,Ernst Brenner,Josef Zemp,Marc Ruchet,61.142857142857146,2.0,7.0,5.0,2.0,0.0,85.71428571428571,14.285714285714285,0.0,0.0,0.0,0.0,28.736758776053506,1905,62.275449101796404,20.958083832335326,1.1976047904191616,0.0,0.0,11.377245508982035,0.23438836612489303,0.06672369546621042,0.0,0.0,0.0,0.0,0.765611633875107,0.6988879384088966
1907.0,Ludwig Forrer,Eduard Müller,Robert Comtesse,Adolf Deucher,Ernst Brenner,Josef Zemp,Marc Ruchet,62.142857142857146,2.0,7.0,5.0,2.0,0.0,85.71428571428571,14.285714285714285,0.0,0.0,0.0,0.0,28.72978171326675,1905,62.275449101796404,20.958083832335326,1.1976047904191616,0.0,0.0,11.377245508982035,0.23438836612489303,0.06672369546621042,0.0,0.0,0.0,0.0,0.765611633875107,0.6988879384088966
1908.0,Ludwig Forrer,Eduard Müller,Robert Comtesse,Adolf Deucher,Ernst Brenner,Josef Anton Schobinger,Marc Ruchet,61.0,2.0,7.0,5.0,3.0,0.0,85.71428571428571,14.285714285714285,0.0,0.0,0.0,0.0,28.72280465047999,1908,62.874251497005986,20.35928143712575,4.191616766467066,0.0,0.0,9.580838323353293,0.22840034217279723,0.06073567151411464,0.0,0.0,0.0,0.0,0.7715996578272027,0.7108639863130881
1909.0,Ludwig Forrer,Eduard Müller,Robert Comtesse,Adolf Deucher,Ernst Brenner,Josef Anton Schobinger,Marc Ruchet,62.0,2.0,7.0,5.0,3.0,0.0,85.71428571428571,14.285714285714285,0.0,0.0,0.0,0.0,28.715827587693234,1908,62.874251497005986,20.35928143712575,4.191616766467066,0.0,0.0,9.580838323353293,0.22840034217279723,0.06073567151411464,0.0,0.0,0.0,0.0,0.7715996578272027,0.7108639863130881
1910.0,Ludwig Forrer,Eduard Müller,Robert Comtesse,Adolf Deucher,Ernst Brenner,Josef Anton Schobinger,Marc Ruchet,63.0,2.0,7.0,5.0,3.0,0.0,85.71428571428571,14.285714285714285,0.0,0.0,0.0,0.0,28.708850524906474,1908,62.874251497005986,20.35928143712575,4.191616766467066,0.0,0.0,9.580838323353293,0.22840034217279723,0.06073567151411464,0.0,0.0,0.0,0.0,0.7715996578272027,0.7108639863130881
1911.0,Ludwig Forrer,Eduard Müller,Robert Comtesse,Adolf Deucher,Arthur Hoffmann,Josef Anton Schobinger,Marc Ruchet,63.857142857142854,2.0,7.0,5.0,3.0,0.0,85.71428571428571,14.285714285714285,0.0,0.0,0.0,0.0,28.85457947437187,1911,60.84656084656084,20.105820105820104,7.936507936507936,0.0,0.0,7.4074074074074066,0.24867724867724866,0.0582010582010582,0.0,0.0,0.0,0.0,0.7513227513227514,0.6931216931216931
1912.0,Ludwig Forrer,Eduard Müller,Louis Perrier,Edmund Schulthess,Arthur Hoffmann,Giuseppe Motta,Camille Decoppet,54.857142857142854,2.0,7.0,4.0,2.0,0.0,85.71428571428571,14.285714285714285,0.0,0.0,0.0,0.0,29.000308423837268,1911,60.84656084656084,20.105820105820104,7.936507936507936,0.0,0.0,7.4074074074074066,0.24867724867724866,0.0582010582010582,0.0,0.0,0.0,0.0,0.7513227513227514,0.6931216931216931
1913.0,Ludwig Forrer,Eduard Müller,Felix Calonder,Edmund Schulthess,Arthur Hoffmann,Giuseppe Motta,Camille Decoppet,53.857142857142854,2.0,7.0,3.0,1.0,0.0,85.71428571428571,14.285714285714285,0.0,0.0,0.0,0.0,29.146037373302665,1911,60.84656084656084,20.105820105820104,7.936507936507936,0.0,0.0,7.4074074074074066,0.24867724867724866,0.0582010582010582,0.0,0.0,0.0,0.0,0.7513227513227514,0.6931216931216931
1914.0,Ludwig Forrer,Eduard Müller,Felix Calonder,Edmund Schulthess,Arthur Hoffmann,Giuseppe Motta,Camille Decoppet,54.857142857142854,2.0,7.0,3.0,1.0,0.0,85.71428571428571,14.285714285714285,0.0,0.0,0.0,0.0,29.291766322768062,1911,60.84656084656084,20.105820105820104,7.936507936507936,0.0,0.0,7.4074074074074066,0.24867724867724866,0.0582010582010582,0.0,0.0,0.0,0.0,0.7513227513227514,0.6931216931216931
1915.0,Ludwig Forrer,Eduard Müller,Felix Calonder,Edmund Schulthess,Arthur Hoffmann,Giuseppe Motta,Camille Decoppet,55.857142857142854,2.0,7.0,3.0,1.0,0.0,85.71428571428571,14.285714285714285,0.0,0.0,0.0,0.0,29.437495272233456,1911,60.84656084656084,20.105820105820104,7.936507936507936,0.0,0.0,7.4074074074074066,0.24867724867724866,0.0582010582010582,0.0,0.0,0.0,0.0,0.7513227513227514,0.6931216931216931
1916.0,Ludwig Forrer,Eduard Müller,Felix Calonder,Edmund Schulthess,Arthur Hoffmann,Giuseppe Motta,Camille Decoppet,56.857142857142854,2.0,7.0,3.0,1.0,0.0,85.71428571428571,14.285714285714285,0.0,0.0,0.0,0.0,29.583224221698853,1911,60.84656084656084,20.105820105820104,7.936507936507936,0.0,0.0,7.4074074074074066,0.24867724867724866,0.0582010582010582,0.0,0.0,0.0,0.0,0.7513227513227514,0.6931216931216931
1917.0,Ludwig Forrer,Eduard Müller,Felix Calonder,Edmund Schulthess,Gustave Ador,Giuseppe Motta,Camille Decoppet,59.57142857142857,3.0,7.0,3.0,1.0,0.0,71.42857142857143,14.285714285714285,14.285714285714285,0.0,0.0,0.0,29.72895317116425,1917,54.49735449735449,22.22222222222222,10.582010582010582,2.1164021164021163,0.0,6.349206349206349,0.16931216931216939,0.07936507936507936,0.0,0.0,0.0,0.07936507936507936,0.7513227513227513,0.6719576719576719
1918.0,Robert Haab,Eduard Müller,Felix Calonder,Edmund Schulthess,Gustave Ador,Giuseppe Motta,Camille Decoppet,57.714285714285715,3.0,7.0,4.0,1.0,0.0,71.42857142857143,14.285714285714285,14.285714285714285,0.0,0.0,0.0,29.874682120629647,1917,54.49735449735449,22.22222222222222,10.582010582010582,2.1164021164021163,0.0,6.349206349206349,0.16931216931216939,0.07936507936507936,0.0,0.0,0.0,0.07936507936507936,0.7513227513227513,0.6719576719576719
1919.0,Robert Haab,Eduard Müller,Felix Calonder,Edmund Schulthess,Gustave Ador,Giuseppe Motta,Camille Decoppet,58.714285714285715,3.0,7.0,4.0,1.0,0.0,71.42857142857143,14.285714285714285,14.285714285714285,0.0,0.0,0.0,30.020411070095044,1919,31.746031746031743,21.693121693121693,21.693121693121693,15.873015873015872,0.0,4.761904761904762,0.39682539682539686,0.07407407407407408,0.0,0.0,0.0,0.09523809523809522,0.5079365079365079,0.43386243386243384
1920.0,Robert Haab,Karl Scheurer,Heinrich Häberlin,Edmund Schulthess,Jean-Marie Musy,Giuseppe Motta,Ernest Chuard,51.857142857142854,2.0,7.0,6.0,2.0,0.0,71.42857142857143,28.57142857142857,0.0,0.0,0.0,0.0,30.16614001956044,1919,31.746031746031743,21.693121693121693,21.693121693121693,15.873015873015872,0.0,4.761904761904762,0.39682539682539686,0.06878306878306877,0.0,0.0,0.0,0.0,0.5343915343915344,0.5343915343915344
1921.0,Robert Haab,Karl Scheurer,Heinrich Häberlin,Edmund Schulthess,Jean-Marie Musy,Giuseppe Motta,Ernest Chuard,52.857142857142854,2.0,7.0,6.0,2.0,0.0,71.42857142857143,28.57142857142857,0.0,0.0,0.0,0.0,30.32673705960379,1919,31.746031746031743,21.693121693121693,21.693121693121693,15.873015873015872,0.0,4.761904761904762,0.39682539682539686,0.06878306878306877,0.0,0.0,0.0,0.0,0.5343915343915344,0.5343915343915344
1922.0,Robert Haab,Karl Scheurer,Heinrich Häberlin,Edmund Schulthess,Jean-Marie Musy,Giuseppe Motta,Ernest Chuard,53.857142857142854,2.0,7.0,6.0,2.0,0.0,71.42857142857143,28.57142857142857,0.0,0.0,0.0,0.0,30.487334099647136,1922,30.303030303030305,22.222222222222225,21.71717171717172,17.171717171717173,0.0,5.050505050505051,0.41125541125541126,0.06349206349206345,0.0,0.0,0.0,0.0,0.5252525252525253,0.5252525252525253
1923.0,Robert Haab,Karl Scheurer,Heinrich Häberlin,Edmund Schulthess,Jean-Marie Musy,Giuseppe Motta,Ernest Chuard,54.857142857142854,2.0,7.0,6.0,2.0,0.0,71.42857142857143,28.57142857142857,0.0,0.0,0.0,0.0,30.647931139690485,1922,30.303030303030305,22.222222222222225,21.71717171717172,17.171717171717173,0.0,5.050505050505051,0.41125541125541126,0.06349206349206345,0.0,0.0,0.0,0.0,0.5252525252525253,0.5252525252525253
1924.0,Robert Haab,Karl Scheurer,Heinrich Häberlin,Edmund Schulthess,Jean-Marie Musy,Giuseppe Motta,Ernest Chuard,55.857142857142854,2.0,7.0,6.0,2.0,0.0,71.42857142857143,28.57142857142857,0.0,0.0,0.0,0.0,30.80852817973383,1922,30.303030303030305,22.222222222222225,21.71717171717172,17.171717171717173,0.0,5.050505050505051,0.41125541125541126,0.06349206349206345,0.0,0.0,0.0,0.0,0.5252525252525253,0.5252525252525253
1925.0,Robert Haab,Karl Scheurer,Heinrich Häberlin,Edmund Schulthess,Jean-Marie Musy,Giuseppe Motta,Ernest Chuard,56.857142857142854,2.0,7.0,6.0,2.0,0.0,71.42857142857143,28.57142857142857,0.0,0.0,0.0,0.0,30.96912521977718,1925,30.303030303030305,21.212121212121215,24.747474747474747,15.151515151515152,0.0,3.5353535353535355,0.41125541125541126,0.07359307359307354,0.0,0.0,0.0,0.0,0.5151515151515151,0.5151515151515151
1926.0,Robert Haab,Karl Scheurer,Heinrich Häberlin,Edmund Schulthess,Jean-Marie Musy,Giuseppe Motta,Ernest Chuard,57.857142857142854,2.0,7.0,6.0,2.0,0.0,71.42857142857143,28.57142857142857,0.0,0.0,0.0,0.0,31.12972225982053,1925,30.303030303030305,21.212121212121215,24.747474747474747,15.151515151515152,0.0,3.5353535353535355,0.41125541125541126,0.07359307359307354,0.0,0.0,0.0,0.0,0.5151515151515151,0.5151515151515151
1927.0,Robert Haab,Karl Scheurer,Heinrich Häberlin,Edmund Schulthess,Jean-Marie Musy,Giuseppe Motta,Ernest Chuard,58.857142857142854,2.0,7.0,6.0,2.0,0.0,71.42857142857143,28.57142857142857,0.0,0.0,0.0,0.0,31.290319299863874,1925,30.303030303030305,21.212121212121215,24.747474747474747,15.151515151515152,0.0,3.5353535353535355,0.41125541125541126,0.07359307359307354,0.0,0.0,0.0,0.0,0.5151515151515151,0.5151515151515151
1928.0,Robert Haab,Karl Scheurer,Heinrich Häberlin,Edmund Schulthess,Jean-Marie Musy,Giuseppe Motta,Ernest Chuard,59.857142857142854,2.0,7.0,6.0,2.0,0.0,71.42857142857143,28.57142857142857,0.0,0.0,0.0,0.0,31.450916339907224,1928,29.292929292929294,23.232323232323235,25.252525252525253,15.656565656565657,0.0,3.0303030303030303,0.4213564213564214,0.05339105339105334,0.0,0.0,0.0,0.0,0.5252525252525253,0.5252525252525253
1929.0,Robert Haab,Karl Scheurer,Heinrich Häberlin,Edmund Schulthess,Jean-Marie Musy,Giuseppe Motta,Marcel Pilet-Golaz,56.285714285714285,2.0,7.0,6.0,1.0,0.0,71.42857142857143,28.57142857142857,0.0,0.0,0.0,0.0,31.61151337995057,1928,29.292929292929294,23.232323232323235,25.252525252525253,15.656565656565657,0.0,3.0303030303030303,0.4213564213564214,0.05339105339105334,0.0,0.0,0.0,0.0,0.5252525252525253,0.5252525252525253
1930.0,Albert Meyer,Rudolf Minger,Heinrich Häberlin,Edmund Schulthess,Jean-Marie Musy,Giuseppe Motta,Marcel Pilet-Golaz,55.285714285714285,3.0,6.0,6.0,3.0,0.0,57.14285714285714,28.57142857142857,0.0,14.285714285714285,0.0,0.0,31.77211041999392,1928,29.292929292929294,23.232323232323235,25.252525252525253,15.656565656565657,0.0,3.0303030303030303,0.27849927849927847,0.05339105339105334,0.0,0.013708513708513727,0.0,0.0,0.6681096681096682,0.6544011544011545
1931.0,Albert Meyer,Rudolf Minger,Heinrich Häberlin,Edmund Schulthess,Jean-Marie Musy,Giuseppe Motta,Marcel Pilet-Golaz,56.285714285714285,3.0,6.0,6.0,3.0,0.0,57.14285714285714,28.57142857142857,0.0,14.285714285714285,0.0,0.0,31.970337865075102,1931,27.807486631016044,23.529411764705884,26.203208556149733,16.0427807486631,0.0,3.2085561497326207,0.29335370511841097,0.05042016806722685,0.0,0.01757066462948817,0.0,0.0,0.6562261268143622,0.638655462184874
1932.0,Albert Meyer,Rudolf Minger,Heinrich Häberlin,Edmund Schulthess,Jean-Marie Musy,Giuseppe Motta,Marcel Pilet-Golaz,57.285714285714285,3.0,6.0,6.0,3.0,0.0,57.14285714285714,28.57142857142857,0.0,14.285714285714285,0.0,0.0,32.16856531015628,1931,27.807486631016044,23.529411764705884,26.203208556149733,16.0427807486631,0.0,3.2085561497326207,0.29335370511841097,0.05042016806722685,0.0,0.01757066462948817,0.0,0.0,0.6562261268143622,0.638655462184874
1933.0,Albert Meyer,Rudolf Minger,Heinrich Häberlin,Edmund Schulthess,Jean-Marie Musy,Giuseppe Motta,Marcel Pilet-Golaz,58.285714285714285,3.0,6.0,6.0,3.0,0.0,57.14285714285714,28.57142857142857,0.0,14.285714285714285,0.0,0.0,32.36679275523747,1931,27.807486631016044,23.529411764705884,26.203208556149733,16.0427807486631,0.0,3.2085561497326207,0.29335370511841097,0.05042016806722685,0.0,0.01757066462948817,0.0,0.0,0.6562261268143622,0.638655462184874
1934.0,Albert Meyer,Rudolf Minger,Johannes Baumann,Edmund Schulthess,Philipp Etter,Giuseppe Motta,Marcel Pilet-Golaz,56.285714285714285,3.0,6.0,5.0,3.0,0.0,57.14285714285714,28.57142857142857,0.0,14.285714285714285,0.0,0.0,32.565020200318656,1931,27.807486631016044,23.529411764705884,26.203208556149733,16.0427807486631,0.0,3.2085561497326207,0.29335370511841097,0.05042016806722685,0.0,0.01757066462948817,0.0,0.0,0.6562261268143622,0.638655462184874
1935.0,Albert Meyer,Rudolf Minger,Johannes Baumann,Hermann Obrecht,Philipp Etter,Giuseppe Motta,Marcel Pilet-Golaz,55.285714285714285,3.0,5.0,5.0,4.0,0.0,57.14285714285714,28.57142857142857,0.0,14.285714285714285,0.0,0.0,32.76324764539984,1935,25.668449197860966,22.459893048128343,26.737967914438503,11.229946524064172,0.0,3.2085561497326207,0.31474407944996174,0.06111535523300226,0.0,0.03055767761650113,0.0,0.0,0.5935828877005349,0.5935828877005349
1936.0,Albert Meyer,Rudolf Minger,Johannes Baumann,Hermann Obrecht,Philipp Etter,Giuseppe Motta,Marcel Pilet-Golaz,56.285714285714285,3.0,5.0,5.0,4.0,0.0,57.14285714285714,28.57142857142857,0.0,14.285714285714285,0.0,0.0,32.96147509048102,1935,25.668449197860966,22.459893048128343,26.737967914438503,11.229946524064172,0.0,3.2085561497326207,0.31474407944996174,0.06111535523300226,0.0,0.03055767761650113,0.0,0.0,0.5935828877005349,0.5935828877005349
1937.0,Albert Meyer,Rudolf Minger,Johannes Baumann,Hermann Obrecht,Philipp Etter,Giuseppe Motta,Marcel Pilet-Golaz,57.285714285714285,3.0,5.0,5.0,4.0,0.0,57.14285714285714,28.57142857142857,0.0,14.285714285714285,0.0,0.0,33.159702535562204,1935,25.668449197860966,22.459893048128343,26.737967914438503,11.229946524064172,0.0,3.2085561497326207,0.31474407944996174,0.06111535523300226,0.0,0.03055767761650113,0.0,0.0,0.5935828877005349,0.5935828877005349
1938.0,Albert Meyer,Rudolf Minger,Johannes Baumann,Hermann Obrecht,Philipp Etter,Giuseppe Motta,Marcel Pilet-Golaz,58.285714285714285,3.0,5.0,5.0,4.0,0.0,57.14285714285714,28.57142857142857,0.0,14.285714285714285,0.0,0.0,33.35792998064339,1935,25.668449197860966,22.459893048128343,26.737967914438503,11.229946524064172,0.0,3.2085561497326207,0.31474407944996174,0.06111535523300226,0.0,0.03055767761650113,0.0,0.0,0.5935828877005349,0.5935828877005349
1939.0,Ernst Wetter,Rudolf Minger,Johannes Baumann,Hermann Obrecht,Philipp Etter,Giuseppe Motta,Marcel Pilet-Golaz,58.285714285714285,3.0,5.0,4.0,4.0,0.0,57.14285714285714,28.57142857142857,0.0,14.285714285714285,0.0,0.0,33.55615742572457,1939,26.203208556149733,22.994652406417114,24.064171122994654,11.764705882352942,0.0,3.2085561497326207,0.3093964858670741,0.05576776165011456,0.0,0.025210084033613425,0.0,0.0,0.609625668449198,0.609625668449198
1940.0,Ernst Wetter,Rudolf Minger,Johannes Baumann,Walther Stampfli,Philipp Etter,Enrico Celio,Marcel Pilet-Golaz,56.42857142857143,3.0,6.0,3.0,4.0,0.0,57.14285714285714,28.57142857142857,0.0,14.285714285714285,0.0,0.0,33.75438487080575,1939,26.203208556149733,22.994652406417114,24.064171122994654,11.764705882352942,0.0,3.2085561497326207,0.3093964858670741,0.05576776165011456,0.0,0.025210084033613425,0.0,0.0,0.609625668449198,0.609625668449198
1941.0,Ernst Wetter,Eduard von Steiger,Karl Kobelt,Walther Stampfli,Philipp Etter,Enrico Celio,Marcel Pilet-Golaz,55.0,3.0,7.0,2.0,4.0,0.0,57.14285714285714,28.57142857142857,0.0,14.285714285714285,0.0,0.0,33.95261231588694,1939,26.203208556149733,22.994652406417114,24.064171122994654,11.764705882352942,0.0,3.2085561497326207,0.3093964858670741,0.05576776165011456,0.0,0.025210084033613425,0.0,0.0,0.609625668449198,0.609625668449198
1942.0,Ernst Wetter,Eduard von Steiger,Karl Kobelt,Walther Stampfli,Philipp Etter,Enrico Celio,Marcel Pilet-Golaz,56.0,3.0,7.0,2.0,4.0,0.0,57.14285714285714,28.57142857142857,0.0,14.285714285714285,0.0,0.0,33.990925320185674,1939,26.203208556149733,22.994652406417114,24.064171122994654,11.764705882352942,0.0,3.2085561497326207,0.3093964858670741,0.05576776165011456,0.0,0.025210084033613425,0.0,0.0,0.609625668449198,0.609625668449198
1943.0,Ernst Wetter,Eduard von Steiger,Karl Kobelt,Walther Stampfli,Philipp Etter,Enrico Celio,Marcel Pilet-Golaz,57.0,3.0,7.0,2.0,4.0,0.0,57.14285714285714,28.57142857142857,0.0,14.285714285714285,0.0,0.0,34.02923832448441,1943,24.22680412371134,22.164948453608247,28.865979381443296,11.340206185567009,0.0,4.123711340206185,0.32916053019145797,0.06406480117820322,0.0,0.029455081001472757,0.0,0.0,0.577319587628866,0.577319587628866
1944.0,Ernst Nobs,Eduard von Steiger,Karl Kobelt,Walther Stampfli,Philipp Etter,Enrico Celio,Marcel Pilet-Golaz,56.714285714285715,4.0,6.0,2.0,3.0,0.0,42.857142857142854,28.57142857142857,0.0,14.285714285714285,14.285714285714285,0.0,34.067551328783146,1943,24.22680412371134,22.164948453608247,28.865979381443296,11.340206185567009,0.0,4.123711340206185,0.18630338733431515,0.06406480117820322,0.0,0.029455081001472757,0.14580265095729011,0.0,0.7201767304860089,0.5743740795287188
1945.0,Ernst Nobs,Eduard von Steiger,Karl Kobelt,Walther Stampfli,Philipp Etter,Enrico Celio,Max Petitpierre,56.285714285714285,4.0,6.0,2.0,3.0,0.0,42.857142857142854,28.57142857142857,0.0,14.285714285714285,14.285714285714285,0.0,34.10586433308188,1943,24.22680412371134,22.164948453608247,28.865979381443296,11.340206185567009,0.0,4.123711340206185,0.18630338733431515,0.06406480117820322,0.0,0.029455081001472757,0.14580265095729011,0.0,0.7201767304860089,0.5743740795287188
1946.0,Ernst Nobs,Eduard von Steiger,Karl Kobelt,Walther Stampfli,Philipp Etter,Enrico Celio,Max Petitpierre,57.285714285714285,4.0,6.0,2.0,3.0,0.0,42.857142857142854,28.57142857142857,0.0,14.285714285714285,14.285714285714285,0.0,34.14417733738061,1943,24.22680412371134,22.164948453608247,28.865979381443296,11.340206185567009,0.0,4.123711340206185,0.18630338733431515,0.06406480117820322,0.0,0.029455081001472757,0.14580265095729011,0.0,0.7201767304860089,0.5743740795287188
1947.0,Ernst Nobs,Eduard von Steiger,Karl Kobelt,Walther Stampfli,Philipp Etter,Enrico Celio,Max Petitpierre,58.285714285714285,4.0,6.0,2.0,3.0,0.0,42.857142857142854,28.57142857142857,0.0,14.285714285714285,14.285714285714285,0.0,34.18249034167935,1947,26.804123711340203,22.680412371134018,24.74226804123711,10.824742268041236,0.0,3.608247422680412,0.1605301914580265,0.058910162002945514,0.0,0.03460972017673049,0.10456553755522827,0.0,0.7459499263622975,0.6413843888070693
1948.0,Ernst Nobs,Eduard von Steiger,Karl Kobelt,Rodolphe Rubattel,Philipp Etter,Enrico Celio,Max Petitpierre,57.57142857142857,4.0,6.0,3.0,3.0,0.0,42.857142857142854,28.57142857142857,0.0,14.285714285714285,14.285714285714285,0.0,34.220803345978084,1947,26.804123711340203,22.680412371134018,24.74226804123711,10.824742268041236,0.0,3.608247422680412,0.1605301914580265,0.058910162002945514,0.0,0.03460972017673049,0.10456553755522827,0.0,0.7459499263622975,0.6413843888070693
1949.0,Ernst Nobs,Eduard von Steiger,Karl Kobelt,Rodolphe Rubattel,Philipp Etter,Enrico Celio,Max Petitpierre,58.57142857142857,4.0,6.0,3.0,3.0,0.0,42.857142857142854,28.57142857142857,0.0,14.285714285714285,14.285714285714285,0.0,34.25911635027682,1947,26.804123711340203,22.680412371134018,24.74226804123711,10.824742268041236,0.0,3.608247422680412,0.1605301914580265,0.058910162002945514,0.0,0.03460972017673049,0.10456553755522827,0.0,0.7459499263622975,0.6413843888070693
1950.0,Ernst Nobs,Eduard von Steiger,Karl Kobelt,Rodolphe Rubattel,Philipp Etter,Josef Escher,Max Petitpierre,60.142857142857146,4.0,6.0,3.0,3.0,0.0,42.857142857142854,28.57142857142857,0.0,14.285714285714285,14.285714285714285,0.0,34.297429354575556,1947,26.804123711340203,22.680412371134018,24.74226804123711,10.824742268041236,0.0,3.608247422680412,0.1605301914580265,0.058910162002945514,0.0,0.03460972017673049,0.10456553755522827,0.0,0.7459499263622975,0.6413843888070693
1951.0,Ernst Nobs,Eduard von Steiger,Karl Kobelt,Rodolphe Rubattel,Philipp Etter,Josef Escher,Max Petitpierre,61.142857142857146,4.0,6.0,3.0,3.0,0.0,42.857142857142854,28.57142857142857,0.0,14.285714285714285,14.285714285714285,0.0,34.321286295377206,1951,26.020408163265305,24.48979591836735,25.0,11.73469387755102,0.0,2.5510204081632653,0.1683673469387755,0.0408163265306122,0.0,0.025510204081632643,0.10714285714285715,0.0,0.7653061224489797,0.6581632653061225
1952.0,Max Weber,Markus Feldmann,Karl Kobelt,Rodolphe Rubattel,Philipp Etter,Josef Escher,Max Petitpierre,58.285714285714285,4.0,7.0,3.0,4.0,0.0,42.857142857142854,28.57142857142857,0.0,14.285714285714285,14.285714285714285,0.0,34.34514323617886,1951,26.020408163265305,24.48979591836735,25.0,11.73469387755102,0.0,2.5510204081632653,0.1683673469387755,0.0408163265306122,0.0,0.025510204081632643,0.10714285714285715,0.0,0.7653061224489797,0.6581632653061225
1953.0,Max Weber,Markus Feldmann,Karl Kobelt,Rodolphe Rubattel,Philipp Etter,Josef Escher,Max Petitpierre,59.285714285714285,4.0,7.0,3.0,4.0,0.0,42.857142857142854,28.57142857142857,0.0,14.285714285714285,14.285714285714285,0.0,34.369000176980514,1951,26.020408163265305,24.48979591836735,25.0,11.73469387755102,0.0,2.5510204081632653,0.1683673469387755,0.0408163265306122,0.0,0.025510204081632643,0.10714285714285715,0.0,0.7653061224489797,0.6581632653061225
1954.0,Hans Streuli,Markus Feldmann,Karl Kobelt,Rodolphe Rubattel,Philipp Etter,Josef Escher,Max Petitpierre,61.0,3.0,7.0,3.0,4.0,0.0,57.14285714285714,28.57142857142857,0.0,14.285714285714285,0.0,0.0,34.392857117782164,1951,26.020408163265305,24.48979591836735,25.0,11.73469387755102,0.0,2.5510204081632653,0.3112244897959183,0.0408163265306122,0.0,0.025510204081632643,0.0,0.0,0.6224489795918369,0.6224489795918369
1955.0,Hans Streuli,Markus Feldmann,Giuseppe Lepori,Paul Chaudet,Philipp Etter,Thomas Holenstein,Max Petitpierre,57.714285714285715,3.0,6.0,3.0,4.0,0.0,42.857142857142854,42.857142857142854,0.0,14.285714285714285,0.0,0.0,34.41671405858382,1955,25.510204081632654,23.979591836734695,27.040816326530614,11.224489795918368,0.0,2.5510204081632653,0.173469387755102,0.1887755102040816,0.0,0.03061224489795917,0.0,0.0,0.6071428571428572,0.6071428571428572
1956.0,Hans Streuli,Markus Feldmann,Giuseppe Lepori,Paul Chaudet,Philipp Etter,Thomas Holenstein,Max Petitpierre,58.714285714285715,3.0,6.0,3.0,4.0,0.0,42.857142857142854,42.857142857142854,0.0,14.285714285714285,0.0,0.0,34.44057099938547,1955,25.510204081632654,23.979591836734695,27.040816326530614,11.224489795918368,0.0,2.5510204081632653,0.173469387755102,0.1887755102040816,0.0,0.03061224489795917,0.0,0.0,0.6071428571428572,0.6071428571428572
1957.0,Hans Streuli,Markus Feldmann,Giuseppe Lepori,Paul Chaudet,Philipp Etter,Thomas Holenstein,Max Petitpierre,59.714285714285715,3.0,6.0,3.0,4.0,0.0,42.857142857142854,42.857142857142854,0.0,14.285714285714285,0.0,0.0,34.46442794018712,1955,25.510204081632654,23.979591836734695,27.040816326530614,11.224489795918368,0.0,2.5510204081632653,0.173469387755102,0.1887755102040816,0.0,0.03061224489795917,0.0,0.0,0.6071428571428572,0.6071428571428572
1958.0,Hans Streuli,Markus Feldmann,Giuseppe Lepori,Paul Chaudet,Philipp Etter,Thomas Holenstein,Max Petitpierre,60.714285714285715,3.0,6.0,3.0,4.0,0.0,42.857142857142854,42.857142857142854,0.0,14.285714285714285,0.0,0.0,34.48828488098877,1955,25.510204081632654,23.979591836734695,27.040816326530614,11.224489795918368,0.0,2.5510204081632653,0.173469387755102,0.1887755102040816,0.0,0.03061224489795917,0.0,0.0,0.6071428571428572,0.6071428571428572
1959.0,Hans Streuli,Friedrich Traugott Wahlen,Giuseppe Lepori,Paul Chaudet,Philipp Etter,Thomas Holenstein,Max Petitpierre,61.42857142857143,3.0,6.0,3.0,5.0,0.0,42.857142857142854,42.857142857142854,0.0,14.285714285714285,0.0,0.0,34.51214182179043,1959,26.020408163265305,23.979591836734695,26.020408163265305,11.73469387755102,0.0,2.5510204081632653,0.1683673469387755,0.1887755102040816,0.0,0.025510204081632643,0.0,0.0,0.6173469387755103,0.6173469387755103
1960.0,Willy Spühler,Friedrich Traugott Wahlen,Hans-Peter Tschudi,Paul Chaudet,Jean Bourgknecht,Ludwig von Moos,Max Petitpierre,55.857142857142854,4.0,6.0,4.0,4.0,0.0,28.57142857142857,28.57142857142857,0.0,14.285714285714285,28.57142857142857,0.0,34.53599876259208,1959,26.020408163265305,23.979591836734695,26.020408163265305,11.73469387755102,0.0,2.5510204081632653,0.025510204081632643,0.04591836734693874,0.0,0.025510204081632643,0.025510204081632643,0.0,0.8775510204081634,0.8775510204081634
1961.0,Willy Spühler,Friedrich Traugott Wahlen,Hans-Peter Tschudi,Paul Chaudet,Jean Bourgknecht,Ludwig von Moos,Hans Schaffner,55.57142857142857,4.0,6.0,4.0,4.0,0.0,28.57142857142857,28.57142857142857,0.0,14.285714285714285,28.57142857142857,0.0,34.542987017527864,1959,26.020408163265305,23.979591836734695,26.020408163265305,11.73469387755102,0.0,2.5510204081632653,0.025510204081632643,0.04591836734693874,0.0,0.025510204081632643,0.025510204081632643,0.0,0.8775510204081634,0.8775510204081634
1962.0,Willy Spühler,Friedrich Traugott Wahlen,Hans-Peter Tschudi,Paul Chaudet,Roger Bonvin,Ludwig von Moos,Hans Schaffner,55.857142857142854,4.0,6.0,4.0,5.0,0.0,28.57142857142857,28.57142857142857,0.0,14.285714285714285,28.57142857142857,0.0,34.549975272463655,1959,26.020408163265305,23.979591836734695,26.020408163265305,11.73469387755102,0.0,2.5510204081632653,0.025510204081632643,0.04591836734693874,0.0,0.025510204081632643,0.025510204081632643,0.0,0.8775510204081634,0.8775510204081634
1963.0,Willy Spühler,Friedrich Traugott Wahlen,Hans-Peter Tschudi,Paul Chaudet,Roger Bonvin,Ludwig von Moos,Hans Schaffner,56.857142857142854,4.0,6.0,4.0,5.0,0.0,28.57142857142857,28.57142857142857,0.0,14.285714285714285,28.57142857142857,0.0,34.556963527399446,1963,25.5,24.0,26.5,11.0,0.0,3.0,0.030714285714285694,0.04571428571428569,0.0,0.03285714285714285,0.020714285714285696,0.0,0.8700000000000001,0.8700000000000001
1964.0,Willy Spühler,Friedrich Traugott Wahlen,Hans-Peter Tschudi,Paul Chaudet,Roger Bonvin,Ludwig von Moos,Hans Schaffner,57.857142857142854,4.0,6.0,4.0,5.0,0.0,28.57142857142857,28.57142857142857,0.0,14.285714285714285,28.57142857142857,0.0,34.56395178233523,1963,25.5,24.0,26.5,11.0,0.0,3.0,0.030714285714285694,0.04571428571428569,0.0,0.03285714285714285,0.020714285714285696,0.0,0.8700000000000001,0.8700000000000001
1965.0,Willy Spühler,Friedrich Traugott Wahlen,Hans-Peter Tschudi,Paul Chaudet,Roger Bonvin,Ludwig von Moos,Hans Schaffner,58.857142857142854,4.0,6.0,4.0,5.0,0.0,28.57142857142857,28.57142857142857,0.0,14.285714285714285,28.57142857142857,0.0,34.570940037271015,1963,25.5,24.0,26.5,11.0,0.0,3.0,0.030714285714285694,0.04571428571428569,0.0,0.03285714285714285,0.020714285714285696,0.0,0.8700000000000001,0.8700000000000001
1966.0,Willy Spühler,Rudolf Gnägi,Hans-Peter Tschudi,Paul Chaudet,Roger Bonvin,Ludwig von Moos,Hans Schaffner,57.285714285714285,4.0,6.0,4.0,4.0,0.0,28.57142857142857,28.57142857142857,0.0,14.285714285714285,28.57142857142857,0.0,34.577928292206806,1963,25.5,24.0,26.5,11.0,0.0,3.0,0.030714285714285694,0.04571428571428569,0.0,0.03285714285714285,0.020714285714285696,0.0,0.8700000000000001,0.8700000000000001
1967.0,Willy Spühler,Rudolf Gnägi,Hans-Peter Tschudi,Nello Celio,Roger Bonvin,Ludwig von Moos,Hans Schaffner,56.857142857142854,4.0,7.0,4.0,3.0,0.0,28.57142857142857,28.57142857142857,0.0,14.285714285714285,28.57142857142857,0.0,34.5849165471426,1967,24.5,22.5,25.0,10.5,0.0,3.0,0.040714285714285696,0.06071428571428569,0.0,0.037857142857142846,0.03571428571428569,0.0,0.8250000000000001,0.8250000000000001
1968.0,Willy Spühler,Rudolf Gnägi,Hans-Peter Tschudi,Nello Celio,Roger Bonvin,Ludwig von Moos,Hans Schaffner,57.857142857142854,4.0,7.0,4.0,3.0,0.0,28.57142857142857,28.57142857142857,0.0,14.285714285714285,28.57142857142857,0.0,34.59190480207838,1967,24.5,22.5,25.0,10.5,0.0,3.0,0.040714285714285696,0.06071428571428569,0.0,0.037857142857142846,0.03571428571428569,0.0,0.8250000000000001,0.8250000000000001
1969.0,Willy Spühler,Rudolf Gnägi,Hans-Peter Tschudi,Nello Celio,Roger Bonvin,Ludwig von Moos,Hans Schaffner,58.857142857142854,4.0,7.0,4.0,3.0,0.0,28.57142857142857,28.57142857142857,0.0,14.285714285714285,28.57142857142857,0.0,34.598893057014166,1967,24.5,22.5,25.0,10.5,0.0,3.0,0.040714285714285696,0.06071428571428569,0.0,0.037857142857142846,0.03571428571428569,0.0,0.8250000000000001,0.8250000000000001
1970.0,Pierre Graber,Rudolf Gnägi,Hans-Peter Tschudi,Nello Celio,Roger Bonvin,Ludwig von Moos,Ernst Brugger,58.142857142857146,4.0,6.0,4.0,3.0,0.0,28.57142857142857,28.57142857142857,0.0,14.285714285714285,28.57142857142857,0.0,34.60588131194996,1967,24.5,22.5,25.0,10.5,0.0,3.0,0.040714285714285696,0.06071428571428569,0.0,0.037857142857142846,0.03571428571428569,0.0,0.8250000000000001,0.8250000000000001
1971.0,Pierre Graber,Rudolf Gnägi,Hans-Peter Tschudi,Nello Celio,Roger Bonvin,Ludwig von Moos,Ernst Brugger,59.142857142857146,4.0,6.0,4.0,3.0,0.0,28.57142857142857,28.57142857142857,0.0,14.285714285714285,28.57142857142857,0.0,35.1388034258971,1971,24.5,22.0,23.0,11.5,0.0,3.0,0.040714285714285696,0.0657142857142857,0.0,0.027857142857142848,0.055714285714285695,0.0,0.81,0.81
1972.0,Pierre Graber,Rudolf Gnägi,Hans-Peter Tschudi,Nello Celio,Roger Bonvin,Kurt Furgler,Ernst Brugger,58.142857142857146,4.0,6.0,4.0,3.0,0.0,28.57142857142857,28.57142857142857,0.0,14.285714285714285,28.57142857142857,0.0,35.27338538444954,1971,24.5,22.0,23.0,11.5,0.0,3.0,0.040714285714285696,0.0657142857142857,0.0,0.027857142857142848,0.055714285714285695,0.0,0.81,0.81
1973.0,Pierre Graber,Rudolf Gnägi,Hans-Peter Tschudi,Nello Celio,Roger Bonvin,Kurt Furgler,Ernst Brugger,59.142857142857146,4.0,6.0,4.0,3.0,0.0,28.57142857142857,28.57142857142857,0.0,14.285714285714285,28.57142857142857,0.0,35.432247595802146,1971,24.5,22.0,23.0,11.5,0.0,3.0,0.040714285714285696,0.0657142857142857,0.0,0.027857142857142848,0.055714285714285695,0.0,0.81,0.81
1974.0,Pierre Graber,Rudolf Gnägi,Willi Ritschard,Georges-André Chevallaz,Hans Hürlimann,Kurt Furgler,Ernst Brugger,57.714285714285715,4.0,5.0,2.0,4.0,0.0,28.57142857142857,28.57142857142857,0.0,14.285714285714285,28.57142857142857,0.0,35.62916719684187,1971,24.5,22.0,23.0,11.5,0.0,3.0,0.040714285714285696,0.0657142857142857,0.0,0.027857142857142848,0.055714285714285695,0.0,0.81,0.81
1975.0,Pierre Graber,Rudolf Gnägi,Willi Ritschard,Georges-André Chevallaz,Hans Hürlimann,Kurt Furgler,Ernst Brugger,58.714285714285715,4.0,5.0,2.0,4.0,0.0,28.57142857142857,28.57142857142857,0.0,14.285714285714285,28.57142857142857,0.0,35.869478791463884,1975,23.5,23.0,27.5,10.5,0.0,3.0,0.05071428571428569,0.055714285714285695,0.0,0.037857142857142846,0.010714285714285694,0.0,0.8450000000000001,0.8450000000000001
1976.0,Pierre Graber,Rudolf Gnägi,Willi Ritschard,Georges-André Chevallaz,Hans Hürlimann,Kurt Furgler,Ernst Brugger,59.714285714285715,4.0,5.0,2.0,4.0,0.0,28.57142857142857,28.57142857142857,0.0,14.285714285714285,28.57142857142857,0.0,36.209740960971544,1975,23.5,23.0,27.5,10.5,0.0,3.0,0.05071428571428569,0.055714285714285695,0.0,0.037857142857142846,0.010714285714285694,0.0,0.8450000000000001,0.8450000000000001
1977.0,Pierre Graber,Rudolf Gnägi,Willi Ritschard,Georges-André Chevallaz,Hans Hürlimann,Kurt Furgler,Ernst Brugger,60.714285714285715,4.0,5.0,2.0,4.0,0.0,28.57142857142857,28.57142857142857,0.0,14.285714285714285,28.57142857142857,0.0,36.54486086871973,1975,23.5,23.0,27.5,10.5,0.0,3.0,0.05071428571428569,0.055714285714285695,0.0,0.037857142857142846,0.010714285714285694,0.0,0.8450000000000001,0.8450000000000001
1978.0,Pierre Aubert,Rudolf Gnägi,Willi Ritschard,Georges-André Chevallaz,Hans Hürlimann,Kurt Furgler,Fritz Honegger,58.57142857142857,4.0,6.0,3.0,4.0,0.0,28.57142857142857,28.57142857142857,0.0,14.285714285714285,28.57142857142857,0.0,36.831655973517755,1975,23.5,23.0,27.5,10.5,0.0,3.0,0.05071428571428569,0.055714285714285695,0.0,0.037857142857142846,0.010714285714285694,0.0,0.8450000000000001,0.8450000000000001
1979.0,Pierre Aubert,Rudolf Gnägi,Willi Ritschard,Georges-André Chevallaz,Hans Hürlimann,Kurt Furgler,Fritz Honegger,59.57142857142857,4.0,6.0,3.0,4.0,0.0,28.57142857142857,28.57142857142857,0.0,14.285714285714285,28.57142857142857,0.0,37.08841896684824,1979,25.5,22.0,25.5,11.5,0.0,4.0,0.030714285714285694,0.0657142857142857,0.0,0.027857142857142848,0.030714285714285694,0.0,0.8450000000000001,0.8450000000000001
1980.0,Pierre Aubert,Leon Schlumpf,Willi Ritschard,Georges-André Chevallaz,Hans Hürlimann,Kurt Furgler,Fritz Honegger,59.42857142857143,4.0,6.0,2.0,4.0,0.0,28.57142857142857,28.57142857142857,0.0,14.285714285714285,28.57142857142857,0.0,37.324914377925026,1979,25.5,22.0,25.5,11.5,0.0,4.0,0.030714285714285694,0.0657142857142857,0.0,0.027857142857142848,0.030714285714285694,0.0,0.8450000000000001,0.8450000000000001
1981.0,Pierre Aubert,Leon Schlumpf,Willi Ritschard,Georges-André Chevallaz,Hans Hürlimann,Kurt Furgler,Fritz Honegger,60.42857142857143,4.0,6.0,2.0,4.0,0.0,28.57142857142857,28.57142857142857,0.0,14.285714285714285,28.57142857142857,0.0,37.5121959015621,1979,25.5,22.0,25.5,11.5,0.0,4.0,0.030714285714285694,0.0657142857142857,0.0,0.027857142857142848,0.030714285714285694,0.0,0.8450000000000001,0.8450000000000001
1982.0,Pierre Aubert,Leon Schlumpf,Willi Ritschard,Georges-André Chevallaz,Hans Hürlimann,Kurt Furgler,Fritz Honegger,61.42857142857143,4.0,6.0,2.0,4.0,0.0,28.57142857142857,28.57142857142857,0.0,14.285714285714285,28.57142857142857,0.0,37.69007708259845,1979,25.5,22.0,25.5,11.5,0.0,4.0,0.030714285714285694,0.0657142857142857,0.0,0.027857142857142848,0.030714285714285694,0.0,0.8450000000000001,0.8450000000000001
1983.0,Pierre Aubert,Leon Schlumpf,Willi Ritschard,Georges-André Chevallaz,Alphons Egli,Kurt Furgler,Rudolf Friedrich,60.714285714285715,4.0,6.0,3.0,4.0,0.0,28.57142857142857,28.57142857142857,0.0,14.285714285714285,28.57142857142857,0.0,37.875756137599296,1983,27.0,21.0,23.5,11.5,0.0,4.0,0.015714285714285695,0.07571428571428569,0.0,0.027857142857142848,0.05071428571428569,0.0,0.8300000000000001,0.8300000000000001
1984.0,Pierre Aubert,Leon Schlumpf,Otto Stich,Jean-Pascal Delamuraz,Alphons Egli,Kurt Furgler,Rudolf Friedrich,57.42857142857143,4.0,7.0,3.0,3.0,0.0,28.57142857142857,28.57142857142857,0.0,14.285714285714285,28.57142857142857,0.0,38.0718691664827,1983,27.0,21.0,23.5,11.5,0.0,4.0,0.015714285714285695,0.07571428571428569,0.0,0.027857142857142848,0.05071428571428569,0.0,0.8300000000000001,0.8300000000000001
1985.0,Pierre Aubert,Leon Schlumpf,Otto Stich,Jean-Pascal Delamuraz,Alphons Egli,Kurt Furgler,Elisabeth Kopp,56.57142857142857,4.0,7.0,3.0,3.0,14.28571428571429,28.57142857142857,28.57142857142857,0.0,14.285714285714285,28.57142857142857,0.0,38.26623012514452,1983,27.0,21.0,23.5,11.5,0.0,4.0,0.015714285714285695,0.07571428571428569,0.0,0.027857142857142848,0.05071428571428569,0.0,0.8300000000000001,0.8300000000000001
1986.0,Pierre Aubert,Leon Schlumpf,Otto Stich,Jean-Pascal Delamuraz,Alphons Egli,Kurt Furgler,Elisabeth Kopp,57.57142857142857,4.0,7.0,3.0,3.0,14.28571428571429,28.57142857142857,28.57142857142857,0.0,14.285714285714285,28.57142857142857,0.0,38.446901801958234,1983,27.0,21.0,23.5,11.5,0.0,4.0,0.015714285714285695,0.07571428571428569,0.0,0.027857142857142848,0.05071428571428569,0.0,0.8300000000000001,0.8300000000000001
1987.0,Pierre Aubert,Leon Schlumpf,Otto Stich,Jean-Pascal Delamuraz,Flavio Cotti,Arnold Koller,Elisabeth Kopp,55.142857142857146,4.0,7.0,3.0,3.0,14.28571428571429,28.57142857142857,28.57142857142857,0.0,14.285714285714285,28.57142857142857,0.0,38.59957525301556,1987,25.5,21.0,20.5,12.5,0.0,4.5,0.030714285714285694,0.07571428571428569,0.0,0.017857142857142846,0.0807142857142857,0.0,0.795,0.795
1988.0,René Felber,Adolf Ogi,Otto Stich,Jean-Pascal Delamuraz,Flavio Cotti,Arnold Koller,Elisabeth Kopp,52.857142857142854,4.0,5.0,2.0,5.0,14.28571428571429,28.57142857142857,28.57142857142857,0.0,14.285714285714285,28.57142857142857,0.0,38.743190327585786,1987,25.5,21.0,20.5,12.5,0.0,4.5,0.030714285714285694,0.07571428571428569,0.0,0.017857142857142846,0.0807142857142857,0.0,0.795,0.795
1989.0,René Felber,Adolf Ogi,Otto Stich,Jean-Pascal Delamuraz,Flavio Cotti,Arnold Koller,Kaspar Villiger,53.142857142857146,4.0,5.0,2.0,6.0,0.0,28.57142857142857,28.57142857142857,0.0,14.285714285714285,28.57142857142857,0.0,38.852431346774374,1987,25.5,21.0,20.5,12.5,0.0,4.5,0.030714285714285694,0.07571428571428569,0.0,0.017857142857142846,0.0807142857142857,0.0,0.795,0.795
1990.0,René Felber,Adolf Ogi,Otto Stich,Jean-Pascal Delamuraz,Flavio Cotti,Arnold Koller,Kaspar Villiger,54.142857142857146,4.0,5.0,2.0,6.0,0.0,28.57142857142857,28.57142857142857,0.0,14.285714285714285,28.57142857142857,0.0,38.95643803801404,1987,25.5,21.0,20.5,12.5,0.0,4.5,0.030714285714285694,0.07571428571428569,0.0,0.017857142857142846,0.0807142857142857,0.0,0.795,0.795
1991.0,René Felber,Adolf Ogi,Otto Stich,Jean-Pascal Delamuraz,Flavio Cotti,Arnold Koller,Kaspar Villiger,55.142857142857146,4.0,5.0,2.0,6.0,0.0,28.57142857142857,28.57142857142857,0.0,14.285714285714285,28.57142857142857,0.0,38.99120603126626,1991,22.0,17.5,20.5,12.5,0.0,5.0,0.0657142857142857,0.1107142857142857,0.0,0.017857142857142846,0.0807142857142857,0.0,0.7250000000000001,0.7250000000000001
1992.0,René Felber,Adolf Ogi,Otto Stich,Jean-Pascal Delamuraz,Flavio Cotti,Arnold Koller,Kaspar Villiger,56.142857142857146,4.0,5.0,2.0,6.0,0.0,28.57142857142857,28.57142857142857,0.0,14.285714285714285,28.57142857142857,0.0,38.99598313138777,1991,22.0,17.5,20.5,12.5,0.0,5.0,0.0657142857142857,0.1107142857142857,0.0,0.017857142857142846,0.0807142857142857,0.0,0.7250000000000001,0.7250000000000001
1993.0,Ruth Dreifuss,Adolf Ogi,Otto Stich,Jean-Pascal Delamuraz,Flavio Cotti,Arnold Koller,Kaspar Villiger,56.142857142857146,4.0,6.0,2.0,6.0,14.28571428571429,28.57142857142857,28.57142857142857,0.0,14.285714285714285,28.57142857142857,0.0,39.02732355533668,1991,22.0,17.5,20.5,12.5,0.0,5.0,0.0657142857142857,0.1107142857142857,0.0,0.017857142857142846,0.0807142857142857,0.0,0.7250000000000001,0.7250000000000001
1994.0,Ruth Dreifuss,Adolf Ogi,Otto Stich,Jean-Pascal Delamuraz,Flavio Cotti,Arnold Koller,Kaspar Villiger,57.142857142857146,4.0,6.0,2.0,6.0,14.28571428571429,28.57142857142857,28.57142857142857,0.0,14.285714285714285,28.57142857142857,0.0,39.10357361696876,1991,22.0,17.5,20.5,12.5,0.0,5.0,0.0657142857142857,0.1107142857142857,0.0,0.017857142857142846,0.0807142857142857,0.0,0.7250000000000001,0.7250000000000001
1995.0,Ruth Dreifuss,Adolf Ogi,Otto Stich,Jean-Pascal Delamuraz,Flavio Cotti,Arnold Koller,Kaspar Villiger,58.142857142857146,4.0,6.0,2.0,6.0,14.28571428571429,28.57142857142857,28.57142857142857,0.0,14.285714285714285,28.57142857142857,0.0,39.21610633907673,1995,22.5,17.0,27.0,14.5,0.0,3.5,0.06071428571428569,0.1157142857142857,0.0,0.002142857142857153,0.015714285714285695,0.0,0.8078571428571429,0.8057142857142858
1996.0,Ruth Dreifuss,Adolf Ogi,Moritz Leuenberger,Jean-Pascal Delamuraz,Flavio Cotti,Arnold Koller,Kaspar Villiger,56.42857142857143,4.0,6.0,3.0,5.0,14.28571428571429,28.57142857142857,28.57142857142857,0.0,14.285714285714285,28.57142857142857,0.0,39.330079319161854,1995,22.5,17.0,27.0,14.5,0.0,3.5,0.06071428571428569,0.1157142857142857,0.0,0.002142857142857153,0.015714285714285695,0.0,0.8078571428571429,0.8057142857142858
1997.0,Ruth Dreifuss,Adolf Ogi,Moritz Leuenberger,Jean-Pascal Delamuraz,Flavio Cotti,Arnold Koller,Kaspar Villiger,57.42857142857143,4.0,6.0,3.0,5.0,14.28571428571429,28.57142857142857,28.57142857142857,0.0,14.285714285714285,28.57142857142857,0.0,39.48201598961553,1995,22.5,17.0,27.0,14.5,0.0,3.5,0.06071428571428569,0.1157142857142857,0.0,0.002142857142857153,0.015714285714285695,0.0,0.8078571428571429,0.8057142857142858
1998.0,Ruth Dreifuss,Adolf Ogi,Moritz Leuenberger,Pascal Couchepin,Flavio Cotti,Arnold Koller,Kaspar Villiger,57.57142857142857,4.0,6.0,4.0,4.0,14.28571428571429,28.57142857142857,28.57142857142857,0.0,14.285714285714285,28.57142857142857,0.0,39.65821729551263,1995,22.5,17.0,27.0,14.5,0.0,3.5,0.06071428571428569,0.1157142857142857,0.0,0.002142857142857153,0.015714285714285695,0.0,0.8078571428571429,0.8057142857142858
1999.0,Ruth Dreifuss,Adolf Ogi,Moritz Leuenberger,Pascal Couchepin,Joseph Deiss,Ruth Metzler-Arnold,Kaspar Villiger,53.142857142857146,4.0,6.0,4.0,6.0,28.57142857142857,28.57142857142857,28.57142857142857,0.0,14.285714285714285,28.57142857142857,0.0,39.84019294066978,1999,21.5,17.5,25.5,22.0,0.0,3.0,0.07071428571428569,0.1107142857142857,0.0,0.07714285714285715,0.030714285714285694,0.0,0.7878571428571429,0.7107142857142857
2000.0,Ruth Dreifuss,Adolf Ogi,Moritz Leuenberger,Pascal Couchepin,Joseph Deiss,Ruth Metzler-Arnold,Kaspar Villiger,54.142857142857146,4.0,6.0,4.0,6.0,28.57142857142857,28.57142857142857,28.57142857142857,0.0,14.285714285714285,28.57142857142857,0.0,39.99625616446998,1999,21.5,17.5,25.5,22.0,0.0,3.0,0.07071428571428569,0.1107142857142857,0.0,0.07714285714285715,0.030714285714285694,0.0,0.7878571428571429,0.7107142857142857
2001.0,Ruth Dreifuss,Samuel Schmid,Moritz Leuenberger,Pascal Couchepin,Joseph Deiss,Ruth Metzler-Arnold,Kaspar Villiger,54.42857142857143,4.0,7.0,4.0,5.0,28.57142857142857,28.57142857142857,28.57142857142857,0.0,14.285714285714285,28.57142857142857,0.0,40.31647125070752,1999,21.5,17.5,25.5,22.0,0.0,3.0,0.07071428571428569,0.1107142857142857,0.0,0.07714285714285715,0.030714285714285694,0.0,0.7878571428571429,0.7107142857142857
2002.0,Ruth Dreifuss,Samuel Schmid,Moritz Leuenberger,Pascal Couchepin,Joseph Deiss,Ruth Metzler-Arnold,Kaspar Villiger,55.42857142857143,4.0,7.0,4.0,5.0,28.57142857142857,28.57142857142857,28.57142857142857,0.0,14.285714285714285,28.57142857142857,0.0,40.45660294118255,1999,21.5,17.5,25.5,22.0,0.0,3.0,0.07071428571428569,0.1107142857142857,0.0,0.07714285714285715,0.030714285714285694,0.0,0.7878571428571429,0.7107142857142857
2003.0,Micheline Calmy-Rey,Samuel Schmid,Moritz Leuenberger,Pascal Couchepin,Joseph Deiss,Ruth Metzler-Arnold,Kaspar Villiger,55.714285714285715,4.0,7.0,4.0,5.0,28.57142857142857,28.57142857142857,28.57142857142857,0.0,14.285714285714285,28.57142857142857,0.0,40.61871089014231,2003,18.0,14.0,26.0,27.5,0.0,2.0,0.10571428571428569,0.14571428571428569,0.0,0.13214285714285715,0.025714285714285693,0.0,0.7228571428571429,0.5907142857142857
2004.0,Micheline Calmy-Rey,Samuel Schmid,Moritz Leuenberger,Pascal Couchepin,Joseph Deiss,Christoph Blocher,Hans-Rudolf Merz,60.0,4.0,7.0,4.0,3.0,14.28571428571429,28.57142857142857,14.285714285714285,0.0,28.57142857142857,28.57142857142857,0.0,40.79683983809125,2003,18.0,14.0,26.0,27.5,0.0,2.0,0.10571428571428569,0.002857142857142847,0.0,0.010714285714285694,0.025714285714285693,0.0,0.8550000000000001,0.8550000000000001
2005.0,Micheline Calmy-Rey,Samuel Schmid,Moritz Leuenberger,Pascal Couchepin,Joseph Deiss,Christoph Blocher,Hans-Rudolf Merz,61.0,4.0,7.0,4.0,3.0,14.28571428571429,28.57142857142857,14.285714285714285,0.0,28.57142857142857,28.57142857142857,0.0,40.99121852942819,2003,18.0,14.0,26.0,27.5,0.0,2.0,0.10571428571428569,0.002857142857142847,0.0,0.010714285714285694,0.025714285714285693,0.0,0.8550000000000001,0.8550000000000001
2006.0,Micheline Calmy-Rey,Samuel Schmid,Moritz Leuenberger,Pascal Couchepin,Doris Leuthard,Christoph Blocher,Hans-Rudolf Merz,59.57142857142857,4.0,7.0,4.0,3.0,28.57142857142857,28.57142857142857,14.285714285714285,0.0,28.57142857142857,28.57142857142857,0.0,41.1971745222766,2003,18.0,14.0,26.0,27.5,0.0,2.0,0.10571428571428569,0.002857142857142847,0.0,0.010714285714285694,0.025714285714285693,0.0,0.8550000000000001,0.8550000000000001
2007.0,Micheline Calmy-Rey,Samuel Schmid,Moritz Leuenberger,Pascal Couchepin,Doris Leuthard,Christoph Blocher,Hans-Rudolf Merz,60.57142857142857,4.0,7.0,4.0,3.0,28.57142857142857,28.57142857142857,14.285714285714285,0.0,28.57142857142857,28.57142857142857,0.0,41.40350670065906,2007,15.5,15.5,21.5,31.0,0.0,2.0,0.1307142857142857,0.012142857142857153,0.0,0.024285714285714306,0.07071428571428569,0.0,0.7985714285714286,0.7621428571428572
2008.0,Micheline Calmy-Rey,Samuel Schmid,Moritz Leuenberger,Pascal Couchepin,Doris Leuthard,Eveline Widmer-Schlumpf,Hans-Rudolf Merz,59.285714285714285,5.0,7.0,4.0,3.0,28.57142857142857,28.57142857142857,14.285714285714285,0.0,14.285714285714285,28.57142857142857,14.285714285714285,41.5548726976014,2007,15.5,15.5,21.5,31.0,0.0,2.0,0.1307142857142857,0.012142857142857153,0.14285714285714285,0.16714285714285715,0.07071428571428569,0.0,0.6557142857142857,0.4764285714285714
2009.0,Micheline Calmy-Rey,Ueli Maurer,Moritz Leuenberger,Pascal Couchepin,Doris Leuthard,Eveline Widmer-Schlumpf,Hans-Rudolf Merz,59.857142857142854,5.0,6.0,4.0,4.0,28.57142857142857,28.57142857142857,14.285714285714285,0.0,14.285714285714285,28.57142857142857,14.285714285714285,41.67621207147992,2007,15.5,15.5,21.5,31.0,0.0,2.0,0.1307142857142857,0.012142857142857153,0.14285714285714285,0.16714285714285715,0.07071428571428569,0.0,0.6557142857142857,0.4764285714285714
2010.0,Micheline Calmy-Rey,Ueli Maurer,Moritz Leuenberger,Didier Burkhalter,Doris Leuthard,Eveline Widmer-Schlumpf,Hans-Rudolf Merz,58.285714285714285,5.0,6.0,4.0,4.0,28.57142857142857,28.57142857142857,14.285714285714285,0.0,14.285714285714285,28.57142857142857,14.285714285714285,41.8264992089451,2007,15.5,15.5,21.5,31.0,0.0,2.0,0.1307142857142857,0.012142857142857153,0.14285714285714285,0.16714285714285715,0.07071428571428569,0.0,0.6557142857142857,0.4764285714285714
2011.0,Micheline Calmy-Rey,Ueli Maurer,Simonetta Sommaruga,Didier Burkhalter,Doris Leuthard,Eveline Widmer-Schlumpf,Johann Schneider-Ammann,55.857142857142854,5.0,5.0,3.0,6.0,42.85714285714286,28.57142857142857,14.285714285714285,0.0,14.285714285714285,28.57142857142857,14.285714285714285,41.84742432593905,2011,15.0,14.0,23.0,27.0,4.5,0.0,0.1357142857142857,0.002857142857142847,0.09785714285714285,0.12714285714285714,0.055714285714285695,0.0,0.707857142857143,0.5807142857142857
2012.0,Alain Berset,Ueli Maurer,Simonetta Sommaruga,Didier Burkhalter,Doris Leuthard,Eveline Widmer-Schlumpf,Johann Schneider-Ammann,53.0,5.0,5.0,4.0,6.0,28.57142857142857,28.57142857142857,14.285714285714285,0.0,14.285714285714285,28.57142857142857,14.285714285714285,41.995216327230494,2011,15.0,14.0,23.0,27.0,4.5,0.0,0.1357142857142857,0.002857142857142847,0.09785714285714285,0.12714285714285714,0.055714285714285695,0.0,0.707857142857143,0.5807142857142857
2013.0,Alain Berset,Ueli Maurer,Simonetta Sommaruga,Didier Burkhalter,Doris Leuthard,Eveline Widmer-Schlumpf,Johann Schneider-Ammann,54.0,5.0,5.0,4.0,6.0,28.57142857142857,28.57142857142857,14.285714285714285,0.0,14.285714285714285,28.57142857142857,14.285714285714285,42.13599680808453,2011,15.0,14.0,23.0,27.0,4.5,0.0,0.1357142857142857,0.002857142857142847,0.09785714285714285,0.12714285714285714,0.055714285714285695,0.0,0.707857142857143,0.5807142857142857
2014.0,Alain Berset,Ueli Maurer,Simonetta Sommaruga,Didier Burkhalter,Doris Leuthard,Eveline Widmer-Schlumpf,Johann Schneider-Ammann,55.0,5.0,5.0,4.0,6.0,28.57142857142857,28.57142857142857,14.285714285714285,0.0,14.285714285714285,28.57142857142857,14.285714285714285,42.25025206916628,2011,15.0,14.0,23.0,27.0,4.5,0.0,0.1357142857142857,0.002857142857142847,0.09785714285714285,0.12714285714285714,0.055714285714285695,0.0,0.707857142857143,0.5807142857142857
2015.0,Alain Berset,Ueli Maurer,Simonetta Sommaruga,Didier Burkhalter,Doris Leuthard,Eveline Widmer-Schlumpf,Johann Schneider-Ammann,56.0,5.0,5.0,4.0,6.0,28.57142857142857,28.57142857142857,14.285714285714285,0.0,14.285714285714285,28.57142857142857,14.285714285714285,42.375884686269146,2015,16.5,13.5,21.5,32.5,3.5,0.0,0.12071428571428569,0.007857142857142847,0.10785714285714285,0.18214285714285716,0.07071428571428569,0.0,0.692857142857143,0.5107142857142858
2016.0,Alain Berset,Ueli Maurer,Simonetta Sommaruga,Didier Burkhalter,Doris Leuthard,Guy Parmelin,Johann Schneider-Ammann,56.57142857142857,4.0,4.0,3.0,7.0,28.57142857142857,28.57142857142857,14.285714285714285,0.0,28.57142857142857,28.57142857142857,0.0,42.47875269330619,2015,16.5,13.5,21.5,32.5,3.5,0.0,0.12071428571428569,0.007857142857142847,0.0,0.039285714285714306,0.07071428571428569,0.0,0.8007142857142857,0.7614285714285715
2017.0,Alain Berset,Ueli Maurer,Simonetta Sommaruga,Didier Burkhalter,Doris Leuthard,Guy Parmelin,Johann Schneider-Ammann,57.57142857142857,4.0,4.0,3.0,7.0,28.57142857142857,28.57142857142857,14.285714285714285,0.0,28.57142857142857,28.57142857142857,0.0,42.57369859434293,2015,16.5,13.5,21.5,32.5,3.5,0.0,0.12071428571428569,0.007857142857142847,0.0,0.039285714285714306,0.07071428571428569,0.0,0.8007142857142857,0.7614285714285715
2018.0,Alain Berset,Ueli Maurer,Simonetta Sommaruga,Ignazio Cassis,Doris Leuthard,Guy Parmelin,Johann Schneider-Ammann,58.42857142857143,4.0,4.0,2.0,7.0,28.57142857142857,28.57142857142857,14.285714285714285,0.0,28.57142857142857,28.57142857142857,0.0,42.704007305404325,2015,16.5,13.5,21.5,32.5,3.5,0.0,0.12071428571428569,0.007857142857142847,0.0,0.039285714285714306,0.07071428571428569,0.0,0.8007142857142857,0.7614285714285715
2019.0,Alain Berset,Ueli Maurer,Simonetta Sommaruga,Ignazio Cassis,Viola Amherd,Guy Parmelin,Karin Keller-Sutter,58.0,4.0,4.0,2.0,7.0,42.85714285714286,28.57142857142857,14.285714285714285,0.0,28.57142857142857,28.57142857142857,0.0,0.0,2019,14.5,12.5,19.5,26.5,1.5,0.0,0.14071428571428568,0.017857142857142846,0.0,0.020714285714285696,0.09071428571428569,0.0,0.7300000000000001,0.7300000000000001
